Table,Column,Inst1,Inst2,comparable,comparable_rel,missing_1,missing_2,useprob_1,useprob_2,accuracy,mismatch_type,crammers_v,pearson_r
empfaenger,EBasisBlutgr,ET,IQTIG,12527,0.8377022870135081,0.0,0.1622977129864919,,1.0,0.6227348926319151,False,0.9904473628962083,
empfaenger,EBasisGeburtsdatum,ET,IQTIG,13919,0.9307877490972315,0.0,0.06921225090276849,,1.0,0.0,False,,
empfaenger,EBasisGeschlecht,ET,IQTIG,13919,0.9307877490972315,0.0,0.06921225090276849,,1.0,0.0,False,0.9869883906650356,
empfaenger,EBasisGewichtEinheit,ET,IQTIG,13916,0.9305871338772235,0.0,0.06941286612277651,,1.0,1.0,False,inf,
empfaenger,EBasisGewichtWert,ET,IQTIG,13916,0.9305871338772235,0.0,0.06941286612277651,,1.0,0.2977867203219316,False,,0.054487062653365365
empfaenger,EBasisGroesseEinheit,ET,IQTIG,13916,0.9305871338772235,0.0,0.06941286612277651,,1.0,1.0,False,inf,
empfaenger,EBasisGroesseWert,ET,IQTIG,13916,0.9305871338772235,0.0,0.06941286612277651,,1.0,0.7207530899683817,False,,0.01106164051932109
empfaenger,EIdEmpfaengerNrET,ET,IQTIG,13919,0.9307877490972315,0.0,0.06921225090276849,,1.0,1.0,False,1.0,
followup_niere,FNDate,ET,IQTIG,2008,0.04261550542244105,0.6823149897069123,0.32517668032004077,0.9265629860031104,0.8459078449288605,1.0,False,,1.0
followup_niere,FNIdEmpfaengerNrET,ET,IQTIG,2008,0.04261550542244105,0.6823149897069123,0.2750695048706467,1.0,1.0,1.0,False,1.0,
organ_entnahme_niere,ONAnzahlArterien,DSO,ET,13577,0.9573402905090961,0.04265970949090396,0.003666619658722324,0.9140495867768595,0.0,0.9997790380791044,False,,0.9994756303068187
organ_entnahme_niere,ONAnzahlVenen,DSO,ET,13576,0.9572697785925821,0.042730221407417855,0.003807643491750106,0.9108910891089109,0.0,1.0,False,,1.0
organ_entnahme_niere,ONArteriePatch,DSO,ET,13546,0.9551544210971654,0.04449301932026512,0.006275560569736285,0.866877971473851,0.056179775280898875,0.0,False,1.0,
organ_entnahme_niere,ONIdSpenderNrET,DSO,ET,13588,0.9581159215907489,0.041884078409251166,0.001903821745875053,0.9545454545454546,0.0,1.0,False,1.0,
organ_entnahme_niere,ONIdSpenderNrET,DSO,IQTIG,0,0.0,0.041884078409251166,0.998096178254125,0.045454545454545456,0.9599434828682445,,False,,
organ_entnahme_niere,ONIdSpenderNrET,ET,IQTIG,0,0.0,0.001903821745875053,0.998096178254125,1.0,1.0,,False,,
organ_entnahme_niere,ONIschaemiezeitWarmErsteEinheit,DSO,ET,5632,0.3971231138062333,0.6028768861937668,0.001903821745875053,0.9968421052631579,0.0,1.0,False,inf,
organ_entnahme_niere,ONIschaemiezeitWarmErsteWert,DSO,ET,1948,0.13735721336905937,0.6028768861937668,0.654421097165421,0.34538011695906434,0.3969399849154186,0.7381930184804928,False,,0.008687155035364725
organ_entnahme_niere,ONOrganTyp,DSO,ET,13588,0.9581159215907489,0.041884078409251166,0.001903821745875053,0.9545454545454546,0.0,0.0,False,1.0,
organ_entnahme_niere,ONOrganqualitaet,DSO,ET,13498,0.9517698491044987,0.0470314483147652,0.011563954308278099,0.7796101949025487,0.10365853658536585,0.0,False,0.9990297020916752,
organ_entnahme_niere,ONPerfusionMaschinell,DSO,ET,12910,0.9103088421943308,0.08003102524326611,0.08919757439007192,0.006167400881057269,0.108300395256917,0.0,False,0.9945309664017937,
organ_entnahme_niere,ONPerfusionQualitaet,DSO,ET,13543,0.9549428853476237,0.044351995487237346,0.006910167818361303,0.8600953895071543,0.10204081632653061,0.0,False,0.9880054241253446,
organ_entnahme_niere,ONVenenPatch,DSO,ET,13504,0.952192920603582,0.04667888873219574,0.010294739811028063,0.8036253776435045,0.1095890410958904,0.0,False,0.9984155087363782,
spender_postmortem,SPostmAnamnMalignitaet,DSO,ET,126,0.012645523885989562,0.5913287836210357,0.9346647932557206,0.08910386965376782,0.4237087941587029,0.0,False,0.3832427429188973,
spender_postmortem,SPostmAnamnRaucher,DSO,ET,8702,0.8733440385387394,0.12565234845443596,0.0813930148534725,0.36022364217252395,0.012330456226880395,0.0,False,0.998278965576953,
spender_postmortem,SPostmAnamnRaucherPY,DSO,ET,0,0.0,0.8831794460056203,0.9842432757928543,0.01784090909090909,0.11869073111043132,,True,,
spender_postmortem,SPostmAnamnVorerkrankungenDiabetesMellitus,DSO,ET,565,0.05670413488558812,0.5137494981934966,0.8558811722199919,0.170150420003907,0.50187617260788,0.0,False,0.38763038704982683,
spender_postmortem,SPostmAnamnVorerkrankungenHypertonie,DSO,ET,2052,0.20594138900040143,0.5137494981934966,0.6050782818145323,0.36784528228169566,0.463260905622823,0.0,False,0.08406338366898491,
spender_postmortem,SPostmBasisAlter,DSO,IQTIG,4790,0.4807306302689683,0.1121035728623043,0.4262344439983942,0.8299015219337511,0.9552625382623028,0.9868475991649269,False,,0.9870470877519419
spender_postmortem,SPostmBasisGeschlecht,DSO,ET,8842,0.8873946206342834,0.1121035728623043,0.06714171015656363,0.40555058191584603,0.007473841554559043,0.0,False,0.9997731329152504,
spender_postmortem,SPostmBasisGeschlecht,DSO,IQTIG,4580,0.45965475712565235,0.1121035728623043,0.4470092332396628,0.8325872873769025,0.9580152671755725,0.0,False,0.9719069331833717,
spender_postmortem,SPostmBasisGeschlecht,ET,IQTIG,4863,0.48805700521878764,0.06714171015656363,0.4470092332396628,0.9671150971599403,0.9950606196677144,0.0,False,0.9706462069334244,
spender_postmortem,SPostmBasisGewichtEinheit,DSO,ET,8842,0.8873946206342834,0.1121035728623043,0.06714171015656363,0.40555058191584603,0.007473841554559043,1.0,False,inf,
spender_postmortem,SPostmBasisGewichtEinheit,DSO,IQTIG,213,0.02137695704536331,0.1121035728623043,0.9774187073464472,0.010743061772605193,0.8865386589998974,1.0,False,inf,
spender_postmortem,SPostmBasisGewichtEinheit,ET,IQTIG,216,0.021678040947410677,0.06714171015656363,0.9774187073464472,0.013452914798206279,0.9322312352397577,1.0,False,inf,
spender_postmortem,SPostmBasisGewichtWert,DSO,ET,8842,0.8873946206342834,0.1121035728623043,0.06714171015656363,0.40555058191584603,0.007473841554559043,0.9995476136620675,False,,0.9999514039103805
spender_postmortem,SPostmBasisGewichtWert,DSO,IQTIG,213,0.02137695704536331,0.1121035728623043,0.9774187073464472,0.010743061772605193,0.8865386589998974,0.9342723004694836,False,,0.9902007459284513
spender_postmortem,SPostmBasisGewichtWert,ET,IQTIG,216,0.021678040947410677,0.06714171015656363,0.9774187073464472,0.013452914798206279,0.9322312352397577,0.9351851851851852,False,,0.9903968355222011
spender_postmortem,SPostmBasisGroesseEinheit,DSO,ET,8842,0.8873946206342834,0.1121035728623043,0.06714171015656363,0.40555058191584603,0.007473841554559043,1.0,False,inf,
spender_postmortem,SPostmBasisGroesseEinheit,DSO,IQTIG,213,0.02137695704536331,0.1121035728623043,0.9774187073464472,0.010743061772605193,0.8865386589998974,1.0,False,inf,
spender_postmortem,SPostmBasisGroesseEinheit,ET,IQTIG,216,0.021678040947410677,0.06714171015656363,0.9774187073464472,0.013452914798206279,0.9322312352397577,1.0,False,inf,
spender_postmortem,SPostmBasisGroesseWert,DSO,ET,8842,0.8873946206342834,0.1121035728623043,0.06714171015656363,0.40555058191584603,0.007473841554559043,0.9994345170775842,False,,0.9999339642219511
spender_postmortem,SPostmBasisGroesseWert,DSO,IQTIG,213,0.02137695704536331,0.1121035728623043,0.9774187073464472,0.010743061772605193,0.8865386589998974,0.9577464788732394,False,,0.983691855896343
spender_postmortem,SPostmBasisGroesseWert,ET,IQTIG,216,0.021678040947410677,0.06714171015656363,0.9774187073464472,0.013452914798206279,0.9322312352397577,0.9583333333333334,False,,0.9839161180327733
spender_postmortem,SPostmIdSpenderNrET,DSO,ET,8842,0.8873946206342834,0.1121035728623043,0.06714171015656363,0.40555058191584603,0.007473841554559043,1.0,False,1.0000000000000002,
spender_postmortem,SPostmIdSpenderNrET,DSO,IQTIG,5478,0.5497792051384987,0.1121035728623043,0.3538739462063428,0.8594449418084154,0.9554736245036869,1.0,False,0.9999999999999998,
spender_postmortem,SPostmIdSpenderNrET,ET,IQTIG,5772,0.5792854275391409,0.06714171015656363,0.3538739462063428,0.9955156950672646,0.999149177538287,1.0,False,1.0,
spender_postmortem_diagnosen,SPostmDiagnosenIdSpenderNrET,DSO,ET,0,0.0,0.14015522568005426,0.8598447743199458,1.0,1.0,,False,,
spender_postmortem_labor_blutgase,SPostmLaborBGBaseExcessEinheit,DSO,ET,13175,0.7408344579397211,0.25483580746738643,0.19315114709851552,0.25904677846425417,0.022416302765647742,1.0,False,inf,
spender_postmortem_labor_blutgase,SPostmLaborBGBaseExcessO2100ProzentEinheit,DSO,ET,3042,0.17105263157894737,0.8230994152046783,0.8153958614484931,0.016463997813909004,0.007171919177987725,1.0,False,inf,
spender_postmortem_labor_blutgase,SPostmLaborBGBaseExcessO2100ProzentWert,DSO,ET,3042,0.17105263157894737,0.8230994152046783,0.8153958614484931,0.016463997813909004,0.007171919177987725,1.0,False,,1.0
spender_postmortem_labor_blutgase,SPostmLaborBGBaseExcessWert,DSO,ET,13175,0.7408344579397211,0.25483580746738643,0.19315114709851552,0.25904677846425417,0.022416302765647742,0.9996204933586338,False,,0.998711411112172
spender_postmortem_labor_blutgase,SPostmLaborBGFiO2Einheit,DSO,ET,13872,0.7800269905533064,0.21468735942420153,0.1445119208277103,0.3514929282346778,0.036575875486381325,1.0,False,inf,
spender_postmortem_labor_blutgase,SPostmLaborBGFiO2Wert,DSO,ET,13872,0.7800269905533064,0.21468735942420153,0.1445119208277103,0.3514929282346778,0.036575875486381325,0.9997116493656286,False,,0.9993006016871815
spender_postmortem_labor_blutgase,SPostmLaborBGHCO3Einheit,DSO,ET,13095,0.736336032388664,0.2592780026990553,0.19573774179037337,0.2619822164389503,0.02240735420856076,1.0,False,inf,
spender_postmortem_labor_blutgase,SPostmLaborBGHCO3O2100ProzentEinheit,DSO,ET,3046,0.17127755285650023,0.8227620332883491,0.8144961763382816,0.017290869327501367,0.007317915084570245,1.0,False,inf,
spender_postmortem_labor_blutgase,SPostmLaborBGHCO3O2100ProzentWert,DSO,ET,3046,0.17127755285650023,0.8227620332883491,0.8144961763382816,0.017290869327501367,0.007317915084570245,1.0,False,,1.0
spender_postmortem_labor_blutgase,SPostmLaborBGHCO3Wert,DSO,ET,13095,0.736336032388664,0.2592780026990553,0.19573774179037337,0.2619822164389503,0.02240735420856076,0.9998472699503628,False,,0.9999988558966793
spender_postmortem_labor_blutgase,SPostmLaborBGIdSpenderNrET,DSO,ET,16169,0.9091880341880342,0.08046558704453441,0.0103463787674314,1.0,1.0,1.0,False,1.0,
spender_postmortem_labor_blutgase,SPostmLaborBGO2SaettigungEinheit,DSO,ET,13151,0.739484930274404,0.25579172289698604,0.19601889338731443,0.25214332820400087,0.024096385542168676,1.0,False,inf,
spender_postmortem_labor_blutgase,SPostmLaborBGO2SaettigungO2100ProzentEinheit,DSO,ET,3047,0.17133378317588843,0.8227058029689609,0.8156207827260459,0.015856742532977922,0.007307824887969666,1.0,False,inf,
spender_postmortem_labor_blutgase,SPostmLaborBGO2SaettigungO2100ProzentWert,DSO,ET,3047,0.17133378317588843,0.8227058029689609,0.8156207827260459,0.015856742532977922,0.007307824887969666,1.0,False,,1.0
spender_postmortem_labor_blutgase,SPostmLaborBGO2SaettigungWert,DSO,ET,13151,0.739484930274404,0.25579172289698604,0.19601889338731443,0.25214332820400087,0.024096385542168676,0.9996958406204851,False,,0.9999171019658959
spender_postmortem_labor_blutgase,SPostmLaborBGPEEPEinheit,DSO,ET,14020,0.788349077822762,0.20625281151596941,0.13849527665317138,0.35468920392584513,0.0389768574908648,1.0,False,inf,
spender_postmortem_labor_blutgase,SPostmLaborBGPEEPWert,DSO,ET,14020,0.788349077822762,0.20625281151596941,0.13849527665317138,0.35468920392584513,0.0389768574908648,1.0,False,,1.0
spender_postmortem_labor_blutgase,SPostmLaborBGProbeDate,DSO,ET,16169,0.9091880341880342,0.08046558704453441,0.0103463787674314,1.0,1.0,1.0,False,,0.9999999999999998
spender_postmortem_labor_blutgase,SPostmLaborBGpCO2Einheit,DSO,ET,13513,0.7598403058929375,0.2352114260008997,0.1699842555105713,0.2983504661726034,0.029110155474694012,1.0,False,inf,
spender_postmortem_labor_blutgase,SPostmLaborBGpCO2O2100ProzentEinheit,DSO,ET,3142,0.17667566351776878,0.8171952316689158,0.8079734592892488,0.018784834514553084,0.007585774932145592,1.0,False,inf,
spender_postmortem_labor_blutgase,SPostmLaborBGpCO2O2100ProzentWert,DSO,ET,3142,0.17667566351776878,0.8171952316689158,0.8079734592892488,0.018784834514553084,0.007585774932145592,1.0,False,,1.0
spender_postmortem_labor_blutgase,SPostmLaborBGpCO2Wert,DSO,ET,13513,0.7598403058929375,0.2352114260008997,0.1699842555105713,0.2983504661726034,0.029110155474694012,0.9995559831273588,False,,0.9999981426474026
spender_postmortem_labor_blutgase,SPostmLaborBGpH,DSO,ET,13421,0.7546671165092218,0.2404408457040036,0.175944669365722,0.2885874649204864,0.027804410354745925,0.6819163996721556,False,,0.9999956421013751
spender_postmortem_labor_blutgase,SPostmLaborBGpHO2100Prozent,DSO,ET,3110,0.17487629329734594,0.8191632928475033,0.8101664417453891,0.01825919824272378,0.007357023875624653,0.577491961414791,False,,0.9999999998880678
spender_postmortem_labor_blutgase,SPostmLaborBGpO2Einheit,DSO,ET,13600,0.7647323436797121,0.23003823661718398,0.1643612235717499,0.30823759472011736,0.03181662675333562,1.0,False,inf,
spender_postmortem_labor_blutgase,SPostmLaborBGpO2O2100ProzentEinheit,DSO,ET,3191,0.17943094916779126,0.8139338731443995,0.8046558704453441,0.019550949913644214,0.008245981830887492,1.0,False,inf,
spender_postmortem_labor_blutgase,SPostmLaborBGpO2O2100ProzentWert,DSO,ET,3191,0.17943094916779126,0.8139338731443995,0.8046558704453441,0.019550949913644214,0.008245981830887492,1.0,False,,1.0
spender_postmortem_labor_blutgase,SPostmLaborBGpO2Wert,DSO,ET,13600,0.7647323436797121,0.23003823661718398,0.1643612235717499,0.30823759472011736,0.03181662675333562,0.9996323529411765,False,,0.9989498493032729
spender_postmortem_labor_blutgruppe,SPostmLaborBlutGrIdSpenderNrET,DSO,IQTIG,0,0.0,0.36126972971390087,0.6387302702860992,1.0,1.0,,False,,
spender_postmortem_labor_blutgruppe,SPostmLaborBlutGrRhesusfaktor,DSO,IQTIG,0,0.0,0.5157984128378577,0.978915927259949,0.04087657545134552,0.4946304107212301,,False,,
spender_postmortem_labor_hla,SPostmLaborHLAIdSpenderNrET,DSO,ET,0,0.0,0.6933351789051145,0.30666482109488546,1.0,1.0,,False,,
spender_postmortem_labor_klinische_chemie,SPostmLaborKCAlbuminEinheit,DSO,ET,6406,0.1725103678569505,0.8266009586901492,0.8053805138148328,0.026747027203127546,0.001103420603872003,1.0,False,inf,
spender_postmortem_labor_klinische_chemie,SPostmLaborKCAlbuminWert,DSO,ET,6406,0.1725103678569505,0.8266009586901492,0.8053805138148328,0.026747027203127546,0.001103420603872003,0.9995316890415236,False,,0.9999981676682789
spender_postmortem_labor_klinische_chemie,SPostmLaborKCAmylaseEinheit,DSO,ET,8314,0.2238918511337319,0.7740884364733128,0.7544029730166424,0.02803965907114281,0.0026772328121653457,1.0,False,inf,
spender_postmortem_labor_klinische_chemie,SPostmLaborKCAmylaseWert,DSO,ET,8314,0.2238918511337319,0.7740884364733128,0.7544029730166424,0.02803965907114281,0.0026772328121653457,0.99987972095261,False,,0.9999999387827356
spender_postmortem_labor_klinische_chemie,SPostmLaborKCBilirubinDirektEinheit,DSO,ET,3072,0.08272741961544676,0.9167878494102439,0.9055582485054128,0.012777581952767007,0.0005352841466678562,0.9996744791666666,False,,
spender_postmortem_labor_klinische_chemie,SPostmLaborKCBilirubinDirektWert,DSO,ET,3072,0.08272741961544676,0.9167878494102439,0.9055582485054128,0.012777581952767007,0.0005352841466678562,1.0,False,,1.0
spender_postmortem_labor_klinische_chemie,SPostmLaborKCBilirubinGesamtEinheit,DSO,ET,17283,0.46542252383260624,0.5312382183443745,0.4998114935099908,0.06544330105946165,0.006681034482758621,0.9996528380489499,False,,
spender_postmortem_labor_klinische_chemie,SPostmLaborKCBilirubinGesamtWert,DSO,ET,17283,0.46542252383260624,0.5312382183443745,0.4998114935099908,0.06544330105946165,0.006681034482758621,0.9995949777237748,False,,0.9999601776304841
spender_postmortem_labor_klinische_chemie,SPostmLaborKCCKMBEinheit,DSO,ET,7853,0.21147735229170034,0.7869607367910809,0.7748963214304949,0.01731512849467885,0.0020156385751520416,1.0,False,inf,
spender_postmortem_labor_klinische_chemie,SPostmLaborKCCKMBWert,DSO,ET,7853,0.21147735229170034,0.7869607367910809,0.7748963214304949,0.01731512849467885,0.0020156385751520416,1.0,False,,1.0
spender_postmortem_labor_klinische_chemie,SPostmLaborKCCRPEinheit,DSO,ET,19290,0.5194700274680886,0.47670598373458284,0.44681424031884526,0.07072647158513162,0.008558341369334619,1.0,False,inf,
spender_postmortem_labor_klinische_chemie,SPostmLaborKCCRPWert,DSO,ET,19181,0.5165347121236603,0.47670598373458284,0.44977648516184626,0.07066998079313072,0.015028140342473956,0.0,True,,
spender_postmortem_labor_klinische_chemie,SPostmLaborKCChloridkonzentrationEinheit,DSO,ET,8464,0.22793127591964238,0.7709376851403027,0.7500942532450046,0.028503562945368172,0.0015078624255044158,1.0,False,inf,
spender_postmortem_labor_klinische_chemie,SPostmLaborKCChloridkonzentrationWert,DSO,ET,8464,0.22793127591964238,0.7709376851403027,0.7500942532450046,0.028503562945368172,0.0015078624255044158,1.0,False,,1.0
spender_postmortem_labor_klinische_chemie,SPostmLaborKCErythrozytenEinheit,DSO,ET,21949,0.5910755641729951,0.40499272903538536,0.38608822103732426,0.05638672784094687,0.01018344144521169,1.0,False,inf,
spender_postmortem_labor_klinische_chemie,SPostmLaborKCErythrozytenWert,DSO,ET,21949,0.5910755641729951,0.40499272903538536,0.38608822103732426,0.05638672784094687,0.01018344144521169,0.9996810788646407,False,,0.9999998678712917
spender_postmortem_labor_klinische_chemie,SPostmLaborKCFibrinogenEinheit,DSO,ET,7557,0.2035062207141703,0.7948510798728927,0.7792050412021329,0.021750914758097303,0.002108173492310351,0.999603017070266,False,,
spender_postmortem_labor_klinische_chemie,SPostmLaborKCFibrinogenWert,DSO,ET,7557,0.2035062207141703,0.7948510798728927,0.7792050412021329,0.021750914758097303,0.002108173492310351,0.9993383617837767,False,,0.9977882817508003
spender_postmortem_labor_klinische_chemie,SPostmLaborKCGGTEinheit,DSO,ET,18509,0.49843808908278125,0.49773792211989015,0.4640221899068239,0.07542065681978034,0.00824096105855725,1.0,False,inf,
spender_postmortem_labor_klinische_chemie,SPostmLaborKCGGTWert,DSO,ET,18509,0.49843808908278125,0.49773792211989015,0.4640221899068239,0.07542065681978034,0.00824096105855725,0.9996758333783565,False,,0.9999733473231885
spender_postmortem_labor_klinische_chemie,SPostmLaborKCHaematokritEinheit,DSO,ET,23627,0.6362632627780471,0.359024074971724,0.3188721925997738,0.12496249624962497,0.014779157165779917,1.0,False,inf,
spender_postmortem_labor_klinische_chemie,SPostmLaborKCHaematokritWert,DSO,ET,23627,0.6362632627780471,0.359024074971724,0.3188721925997738,0.12496249624962497,0.014779157165779917,0.9995767554069497,False,,0.9999996549586752
spender_postmortem_labor_klinische_chemie,SPostmLaborKCHaemoglobinEinheit,DSO,ET,24366,0.6561641622232994,0.3386923035493079,0.294420207895729,0.14590124831040788,0.017470044818439587,0.9961832061068703,False,,
spender_postmortem_labor_klinische_chemie,SPostmLaborKCHaemoglobinWert,DSO,ET,24366,0.6561641622232994,0.3386923035493079,0.294420207895729,0.14590124831040788,0.017470044818439587,0.9998768776163507,False,,0.9785982447261113
spender_postmortem_labor_klinische_chemie,SPostmLaborKCHarnstoffEinheit,DSO,ET,22258,0.5993967792319707,0.39556740453492756,0.3539613292400495,0.11791136224385594,0.014227023737066342,0.9991463743373169,False,,
spender_postmortem_labor_klinische_chemie,SPostmLaborKCHarnstoffWert,DSO,ET,22258,0.5993967792319707,0.39556740453492756,0.3539613292400495,0.11791136224385594,0.014227023737066342,0.999415940336059,False,,0.9999756562070186
spender_postmortem_labor_klinische_chemie,SPostmLaborKCHbA1cEinheit,DSO,ET,1735,0.046722680023697956,0.9530618839877202,0.9515538320676469,0.0018083693594416659,0.00022640441488609028,1.0,False,inf,
spender_postmortem_labor_klinische_chemie,SPostmLaborKCHbA1cWert,DSO,ET,1735,0.046722680023697956,0.9530618839877202,0.9515538320676469,0.0018083693594416659,0.00022640441488609028,1.0,False,,0.9999999999999999
spender_postmortem_labor_klinische_chemie,SPostmLaborKCIdSpenderNrET,DSO,ET,28195,0.7592772122583078,0.23188991220983465,0.1793504604944256,0.2646614795029613,0.04924924924924925,1.0,False,1.0,
spender_postmortem_labor_klinische_chemie,SPostmLaborKCIdSpenderNrET,DSO,IQTIG,0,0.0,0.23188991220983465,0.829482415037432,0.7353385204970386,0.9260112979676645,,False,,
spender_postmortem_labor_klinische_chemie,SPostmLaborKCIdSpenderNrET,ET,IQTIG,0,0.0,0.1793504604944256,0.829482415037432,0.9507507507507508,0.9893513408220246,,False,,
spender_postmortem_labor_klinische_chemie,SPostmLaborKCKaliumkonzentrationEinheit,DSO,ET,23953,0.6450422793127591,0.35002962244843,0.3034685194161685,0.14709955377750422,0.016239240394001243,1.0,False,inf,
spender_postmortem_labor_klinische_chemie,SPostmLaborKCKaliumkonzentrationWert,DSO,ET,23953,0.6450422793127591,0.35002962244843,0.3034685194161685,0.14709955377750422,0.016239240394001243,0.999791257880015,False,,0.9986408620523213
spender_postmortem_labor_klinische_chemie,SPostmLaborKCKreatininEinheit,DSO,ET,24350,0.6557332902461356,0.3384499380621533,0.29336995745139227,0.15038192234245704,0.019827427941986414,0.9990965092402464,False,,
spender_postmortem_labor_klinische_chemie,SPostmLaborKCKreatininWert,DSO,ET,24350,0.6557332902461356,0.3384499380621533,0.29336995745139227,0.15038192234245704,0.019827427941986414,0.9992197125256673,False,,0.5605618278639234
spender_postmortem_labor_klinische_chemie,SPostmLaborKCLDHEinheit,DSO,ET,14153,0.3811331932999408,0.6161199978456401,0.5875208703613939,0.05087634949079942,0.00467525324288399,1.0,False,inf,
spender_postmortem_labor_klinische_chemie,SPostmLaborKCLDHWert,DSO,ET,14153,0.3811331932999408,0.6161199978456401,0.5875208703613939,0.05087634949079942,0.00467525324288399,1.0,False,,1.0
spender_postmortem_labor_klinische_chemie,SPostmLaborKCLeukozytenEinheit,DSO,ET,23417,0.6306080680777724,0.36446383368341684,0.32377336134001183,0.1251662479680804,0.015220826748731597,1.0,False,inf,
spender_postmortem_labor_klinische_chemie,SPostmLaborKCLeukozytenWert,DSO,ET,23417,0.6306080680777724,0.36446383368341684,0.32377336134001183,0.1251662479680804,0.015220826748731597,0.9997864799077594,False,,0.9999995349502506
spender_postmortem_labor_klinische_chemie,SPostmLaborKCLipaseEinheit,DSO,ET,11789,0.31747185867399147,0.6802929929444713,0.6675284106209942,0.022048927242498614,0.0033483943843795384,1.0,False,inf,
spender_postmortem_labor_klinische_chemie,SPostmLaborKCLipaseWert,DSO,ET,11789,0.31747185867399147,0.6802929929444713,0.6675284106209942,0.022048927242498614,0.0033483943843795384,0.9998303503265756,False,,0.9999932537938321
spender_postmortem_labor_klinische_chemie,SPostmLaborKCNatriumkonzentrationEinheit,DSO,ET,24591,0.6622232994021652,0.3324985188775785,0.28496795389669843,0.15882400583137604,0.018522018522018523,1.0,False,inf,
spender_postmortem_labor_klinische_chemie,SPostmLaborKCNatriumkonzentrationWert,DSO,ET,24591,0.6622232994021652,0.3324985188775785,0.28496795389669843,0.15882400583137604,0.018522018522018523,0.999878004147859,False,,0.9999463699644217
spender_postmortem_labor_klinische_chemie,SPostmLaborKCProbeDate,DSO,ET,28195,0.7592772122583078,0.23188991220983465,0.1793504604944256,0.2646614795029613,0.04924924924924925,1.0,False,,1.0
spender_postmortem_labor_klinische_chemie,SPostmLaborKCProteinGesamtEinheit,DSO,ET,10351,0.2787472397263963,0.7190176118920666,0.7013249313297787,0.027715355805243445,0.003187036823714626,0.999613563906869,False,,
spender_postmortem_labor_klinische_chemie,SPostmLaborKCProteinGesamtWert,DSO,ET,10351,0.2787472397263963,0.7190176118920666,0.7013249313297787,0.027715355805243445,0.003187036823714626,0.9998067819534344,False,,0.9998529636832247
spender_postmortem_labor_klinische_chemie,SPostmLaborKCQuickEinheit,DSO,ET,21821,0.5876285883556848,0.40808962137125004,0.39642914848925515,0.039065593242708196,0.010800896678214796,1.0,False,inf,
spender_postmortem_labor_klinische_chemie,SPostmLaborKCQuickWert,DSO,ET,21821,0.5876285883556848,0.40808962137125004,0.39642914848925515,0.039065593242708196,0.010800896678214796,1.0,False,,0.9999999999999999
spender_postmortem_labor_klinische_chemie,SPostmLaborKCThrombozytenEinheit,DSO,ET,23218,0.6252490978617978,0.3699843808908278,0.3302095114988959,0.12038721886600189,0.014434839341053662,1.0,False,inf,
spender_postmortem_labor_klinische_chemie,SPostmLaborKCThrombozytenWert,DSO,ET,23218,0.6252490978617978,0.3699843808908278,0.3302095114988959,0.12038721886600189,0.014434839341053662,0.9999138599362564,False,,0.9999998725629011
spender_postmortem_labor_klinische_chemie,SPostmLaborKCTroponineIEinheit,DSO,ET,3061,0.08243119513114666,0.9168147789088167,0.9146873485215705,0.003142899104126891,0.0008243537655302361,0.9977131656321464,False,,
spender_postmortem_labor_klinische_chemie,SPostmLaborKCTroponineIWert,DSO,ET,2999,0.080761566219637,0.9168147789088167,0.9164108364302257,0.0030841533264796593,0.002644725242433147,0.0,True,,
spender_postmortem_labor_klinische_chemie,SPostmLaborKCTroponineTEinheit,DSO,ET,3816,0.10276296655356278,0.8961059945063823,0.8925782301933538,0.0051989421805505465,0.0012671594508975714,0.9952830188679245,False,,
spender_postmortem_labor_klinische_chemie,SPostmLaborKCTroponineTWert,DSO,ET,3654,0.09840038778477944,0.8961059945063823,0.8971293154521462,0.0049885803582161315,0.0061235516599627785,0.0,True,,
spender_postmortem_labor_mikrobiologie,SPostmLaborMICIdSpenderNrET,DSO,ET,0,0.0,0.4365331217770726,0.5634668782229274,1.0,1.0,,False,,
spender_postmortem_labor_mikrobiologie,SPostmLaborMICProbeDate,DSO,ET,0,0.0,0.4365331217770726,0.5634668782229274,1.0,1.0,,False,,
spender_postmortem_labor_pathologie,SPostmLaborPATIdSpenderNrET,DSO,ET,0,0.0,0.5068671121009651,0.49313288789903487,1.0,1.0,,False,,
spender_postmortem_labor_pathologie,SPostmLaborPATProbeDate,DSO,ET,0,0.0,0.5068671121009651,0.49313288789903487,1.0,1.0,,False,,
spender_postmortem_labor_urin,SPostmLaborURIIdSpenderNrET,DSO,ET,22,0.0022168480451430876,0.04615074566706973,0.9516324062877872,1.0,1.0,1.0,False,1.0000000000000002,
spender_postmortem_labor_urin,SPostmLaborURIProbeDate,DSO,ET,22,0.0022168480451430876,0.04615074566706973,0.9516324062877872,1.0,1.0,1.0,False,,1.0
spender_postmortem_labor_virologie,SPostmLaborVIRCMVIgG,DSO,ET,8316,0.5965138799225307,0.3607345240657055,0.30213040671400904,0.2809703718433088,0.14150047483380818,0.0,False,1.0,
spender_postmortem_labor_virologie,SPostmLaborVIRCMVIgM,DSO,ET,3747,0.26877555412093823,0.7178107739760419,0.6870382325514669,0.06155691016288598,0.019523908958028816,0.0,False,1.0,
spender_postmortem_labor_virologie,SPostmLaborVIREpsteinBarr,DSO,ET,4757,0.34122372857040384,0.6413456710422495,0.6056954307438491,0.08276479141035678,0.028777830412126955,0.0,False,0.9941150392668635,
spender_postmortem_labor_virologie,SPostmLaborVIRHBsAg,DSO,ET,8747,0.6274298830786887,0.32874255792267415,0.27006670970518615,0.31180449487235434,0.16228419654714477,0.0,False,1.0,
spender_postmortem_labor_virologie,SPostmLaborVIRHIVAg,DSO,ET,5701,0.40893766587762714,0.5739186571981924,0.5227745498888171,0.1189851268591426,0.032793633369923164,0.0,False,1.0,
spender_postmortem_labor_virologie,SPostmLaborVIRIdSpenderNrET,DSO,ET,11157,0.8003012696363245,0.12000573846926332,0.07969299189441216,1.0,1.0,1.0,False,1.0,
spender_postmortem_labor_virologie,SPostmLaborVIRLues,DSO,ET,7584,0.544006886163116,0.41797575496736245,0.3547808622050068,0.24214861850008582,0.10715729882733523,0.0,False,0.9806696976173556,
spender_postmortem_labor_virologie,SPostmLaborVIRProbeDate,DSO,ET,11157,0.8003012696363245,0.12000573846926332,0.07969299189441216,1.0,1.0,1.0,False,,0.9999999999999998
spender_postmortem_labor_virologie,SPostmLaborVIRToxoplasmose,DSO,ET,6963,0.49946201850656335,0.463166200416039,0.3938741840614016,0.23029270559083165,0.0948825350573666,0.0,False,0.9789211167196981,
spender_postmortem_medikation,SPostmMedienBeginnDate,DSO,ET,0,0.0,0.3078318431911967,0.6921681568088033,1.0,1.0,,False,,
spender_postmortem_medikation,SPostmMedienDosisEinheit,DSO,ET,0,0.0,0.32704607977991745,0.9867176753782668,0.04061300667683087,0.6820126334131997,,False,,
spender_postmortem_medikation,SPostmMedienDosisWert,DSO,ET,0,0.0,0.32704607977991745,0.9867176753782668,0.04061300667683087,0.6820126334131997,,False,,
spender_postmortem_medikation,SPostmMedienIdSpenderNrET,DSO,ET,0,0.0,0.3078318431911967,0.6921681568088033,1.0,1.0,,False,,
spender_postmortem_medikation,SPostmMedienName,DSO,ET,0,0.0,0.3078318431911967,0.9867176753782668,0.04314798782360991,0.7014855151383141,,False,,
spender_postmortem_monitoring,SPostmMonitBlutdruckDiastolischEinheit,DSO,ET,14340,0.8207417582417582,0.17130265567765568,0.10491071428571429,0.4340126962913465,0.07583196944899072,1.0,False,inf,
spender_postmortem_monitoring,SPostmMonitBlutdruckDiastolischWert,DSO,ET,14340,0.8207417582417582,0.17130265567765568,0.10491071428571429,0.4340126962913465,0.07583196944899072,1.0,False,,0.9999999999999999
spender_postmortem_monitoring,SPostmMonitBlutdruckSystolischEinheit,DSO,ET,14368,0.8223443223443223,0.1695283882783883,0.1021062271062271,0.44564483457123566,0.0795964125560538,1.0,False,inf,
spender_postmortem_monitoring,SPostmMonitBlutdruckSystolischWert,DSO,ET,14368,0.8223443223443223,0.1695283882783883,0.1021062271062271,0.44564483457123566,0.0795964125560538,0.9999304008908686,False,,0.9999725937137225
spender_postmortem_monitoring,SPostmMonitDate,DSO,ET,15077,0.8629235347985348,0.1262591575091575,0.010817307692307692,1.0,1.0,1.0,False,,1.0
spender_postmortem_monitoring,SPostmMonitDiureseMengeEinheit,DSO,ET,11958,0.6844093406593407,0.30935210622710624,0.26407967032967034,0.16651248843663274,0.023623753792804507,1.0,False,inf,
spender_postmortem_monitoring,SPostmMonitDiureseMengeLetzteStundeEinheit,DSO,ET,12533,0.7173191391941391,0.27615613553113555,0.22367216117216118,0.21367875647668394,0.02917093142272262,1.0,False,inf,
spender_postmortem_monitoring,SPostmMonitDiureseMengeLetzteStundeWert,DSO,ET,12533,0.7173191391941391,0.27615613553113555,0.22367216117216118,0.21367875647668394,0.02917093142272262,0.9999202106439001,False,,0.9999834190630221
spender_postmortem_monitoring,SPostmMonitDiureseMengeWert,DSO,ET,11958,0.6844093406593407,0.30935210622710624,0.26407967032967034,0.16651248843663274,0.023623753792804507,0.999581869877906,False,,0.9995426733959227
spender_postmortem_monitoring,SPostmMonitDiureseZeitintervallEinheit,DSO,ET,11855,0.6785141941391941,0.31541895604395603,0.27066163003663,0.16113228089275994,0.022414886868259674,1.0,False,inf,
spender_postmortem_monitoring,SPostmMonitDiureseZeitintervallWert,DSO,ET,11855,0.6785141941391941,0.31541895604395603,0.27066163003663,0.16113228089275994,0.022414886868259674,0.999662589624631,False,,0.1542182523087784
spender_postmortem_monitoring,SPostmMonitHfrequenzEinheit,DSO,ET,14175,0.8112980769230769,0.18108974358974358,0.11944826007326008,0.38242730720606827,0.0637278390033541,1.0,False,inf,
spender_postmortem_monitoring,SPostmMonitHfrequenzWert,DSO,ET,14175,0.8112980769230769,0.18108974358974358,0.11944826007326008,0.38242730720606827,0.0637278390033541,1.0,False,,1.0
spender_postmortem_monitoring,SPostmMonitHstillstandDauerEinheit,DSO,ET,5806,0.33230311355311354,0.6604281135531136,0.6597985347985348,0.011959441892711673,0.011016655100624566,1.0,False,inf,
spender_postmortem_monitoring,SPostmMonitHstillstandDauerWert,DSO,ET,5806,0.33230311355311354,0.6604281135531136,0.6597985347985348,0.011959441892711673,0.011016655100624566,1.0,False,,1.0
spender_postmortem_monitoring,SPostmMonitHypotensionDauerEinheit,DSO,ET,2,0.00011446886446886447,0.9320054945054945,0.9919871794871795,0.00847457627118644,0.06842834064158781,1.0,False,inf,
spender_postmortem_monitoring,SPostmMonitHypotensionDauerWert,DSO,ET,2,0.00011446886446886447,0.9320054945054945,0.9919871794871795,0.00847457627118644,0.06842834064158781,0.5,False,,0.9999999999999999
spender_postmortem_monitoring,SPostmMonitIdSpenderNrET,DSO,ET,15077,0.8629235347985348,0.1262591575091575,0.010817307692307692,1.0,1.0,1.0,False,1.0,
spender_postmortem_monitoring,SPostmMonitTemperaturEinheit,DSO,ET,13770,0.7881181318681318,0.20501373626373626,0.1423992673992674,0.3389168062534897,0.04823151125401929,1.0,False,inf,
spender_postmortem_monitoring,SPostmMonitTemperaturWert,DSO,ET,13770,0.7881181318681318,0.20501373626373626,0.1423992673992674,0.3389168062534897,0.04823151125401929,0.9997821350762527,False,,0.9998804048350355
spender_postmortem_monitoring,SPostmMonitZVDEinheit,DSO,ET,6649,0.3805517399267399,0.6148122710622711,0.5944368131868132,0.04068143734872463,0.00779896013864818,1.0,False,inf,
spender_postmortem_monitoring,SPostmMonitZVDWert,DSO,ET,6649,0.3805517399267399,0.6148122710622711,0.5944368131868132,0.04068143734872463,0.00779896013864818,1.0,False,,1.0
spender_postmortem_untersuchungen,SPostmUntersuchungDate,DSO,ET,2124,0.02776434294976536,0.48156233251852915,0.4906733245317055,1.0,1.0,1.0,False,,1.0
spender_postmortem_untersuchungen,SPostmUntersuchungIdSpenderNrET,DSO,ET,2124,0.02776434294976536,0.48156233251852915,0.4906733245317055,1.0,1.0,1.0,False,1.0,
spender_postmortem_untersuchungen,SPostmUntersuchungUntersuchungsverfahren,DSO,ET,2124,0.02776434294976536,0.48156233251852915,0.4906733245317055,1.0,1.0,1.0,False,1.0,
transplantation,TIdEmpfaengerNrET,ET,IQTIG,0,0.0,0.6030684291553857,0.41511387163561075,0.969850352112676,0.9561992454760535,,False,,
transplantation,TIdSpenderNrET,ET,IQTIG,0,0.0,0.6030684291553857,0.5754100971492276,0.7040492957746479,0.6898237844819632,,False,,
transplantation,TTxDate,ET,IQTIG,0,0.0,0.6030684291553857,0.7641344163083293,0.3911091549295775,0.5194525496734751,,False,,
warteliste_niere,WNDialyseBeginnDate,ET,IQTIG,0,0.0,0.4729651852605173,0.6453778094172684,0.7497849770642202,0.8166298980985398,,False,,
warteliste_niere,WNGrunderkrankung,ET,IQTIG,0,0.0,0.4732702803484864,0.5270348147394827,0.9993553470381777,0.9994211101820287,,True,,
warteliste_niere,WNIdEmpfaengerNrET,ET,IQTIG,0,0.0,0.4729651852605173,0.5270348147394827,1.0,1.0,,False,,
